year,name,value,lastValue
1990,Air.pollution,1155.675686,656.1268794
1991,Air.pollution,1124.770573,656.1268794
1992,Air.pollution,1098.442983,656.1268794
1993,Air.pollution,1093.169418,656.1268794
1994,Air.pollution,1048.729796,656.1268794
1995,Air.pollution,1044.869105,656.1268794
1996,Air.pollution,1017.508261,656.1268794
1997,Air.pollution,992.5382639,656.1268794
1998,Air.pollution,974.8447484,656.1268794
1999,Air.pollution,948.8350051,656.1268794
2000,Air.pollution,914.2787174,656.1268794
2001,Air.pollution,884.8512405,656.1268794
2002,Air.pollution,870.8549663,656.1268794
2003,Air.pollution,858.0975465,656.1268794
2004,Air.pollution,814.7972778,656.1268794
2005,Air.pollution,794.5662632,656.1268794
2006,Air.pollution,776.927054,656.1268794
2007,Air.pollution,760.6880253,656.1268794
2008,Air.pollution,756.410787,656.1268794
2009,Air.pollution,730.2926839,656.1268794
2010,Air.pollution,721.4638767,656.1268794
2011,Air.pollution,720.7156378,656.1268794
2012,Air.pollution,685.2919275,656.1268794
2013,Air.pollution,678.8643196,656.1268794
2014,Air.pollution,649.0079906,656.1268794
2015,Air.pollution,654.6393557,656.1268794
2016,Air.pollution,653.517919,656.1268794
2017,Air.pollution,656.1268794,656.1268794
1990,Alcohol.use,431.6093824,872.399216
1991,Alcohol.use,468.2077983,872.399216
1992,Alcohol.use,503.6291173,872.399216
1993,Alcohol.use,540.4401145,872.399216
1994,Alcohol.use,574.7317321,872.399216
1995,Alcohol.use,610.5753853,872.399216
1996,Alcohol.use,637.1867455,872.399216
1997,Alcohol.use,658.9368912,872.399216
1998,Alcohol.use,683.1323557,872.399216
1999,Alcohol.use,709.5951627,872.399216
2000,Alcohol.use,735.7301595,872.399216
2001,Alcohol.use,768.6710333,872.399216
2002,Alcohol.use,797.0963795,872.399216
2003,Alcohol.use,825.454989,872.399216
2004,Alcohol.use,842.1107948,872.399216
2005,Alcohol.use,866.3230127,872.399216
2006,Alcohol.use,881.3615341,872.399216
2007,Alcohol.use,879.0572956,872.399216
2008,Alcohol.use,885.5123314,872.399216
2009,Alcohol.use,872.834215,872.399216
2010,Alcohol.use,875.7979201,872.399216
2011,Alcohol.use,866.4997019,872.399216
2012,Alcohol.use,855.0038615,872.399216
2013,Alcohol.use,858.0239087,872.399216
2014,Alcohol.use,861.4433545,872.399216
2015,Alcohol.use,862.0473694,872.399216
2016,Alcohol.use,873.0971001,872.399216
2017,Alcohol.use,872.399216,872.399216
1990,Child.and.maternal.malnutrition,1105.137223,719.3856769
1991,Child.and.maternal.malnutrition,1062.0307,719.3856769
1992,Child.and.maternal.malnutrition,1003.972134,719.3856769
1993,Child.and.maternal.malnutrition,986.4341593,719.3856769
1994,Child.and.maternal.malnutrition,971.4409567,719.3856769
1995,Child.and.maternal.malnutrition,964.1862593,719.3856769
1996,Child.and.maternal.malnutrition,971.7747782,719.3856769
1997,Child.and.maternal.malnutrition,943.9231865,719.3856769
1998,Child.and.maternal.malnutrition,918.5511678,719.3856769
1999,Child.and.maternal.malnutrition,917.8626233,719.3856769
2000,Child.and.maternal.malnutrition,902.3880107,719.3856769
2001,Child.and.maternal.malnutrition,890.594173,719.3856769
2002,Child.and.maternal.malnutrition,883.3913963,719.3856769
2003,Child.and.maternal.malnutrition,899.9729757,719.3856769
2004,Child.and.maternal.malnutrition,869.5788231,719.3856769
2005,Child.and.maternal.malnutrition,850.9799267,719.3856769
2006,Child.and.maternal.malnutrition,845.1198212,719.3856769
2007,Child.and.maternal.malnutrition,828.2695116,719.3856769
2008,Child.and.maternal.malnutrition,813.1131201,719.3856769
2009,Child.and.maternal.malnutrition,806.1407798,719.3856769
2010,Child.and.maternal.malnutrition,784.7336166,719.3856769
2011,Child.and.maternal.malnutrition,768.0945242,719.3856769
2012,Child.and.maternal.malnutrition,747.3254241,719.3856769
2013,Child.and.maternal.malnutrition,732.4656647,719.3856769
2014,Child.and.maternal.malnutrition,726.8495887,719.3856769
2015,Child.and.maternal.malnutrition,726.8890134,719.3856769
2016,Child.and.maternal.malnutrition,719.6276125,719.3856769
2017,Child.and.maternal.malnutrition,719.3856769,719.3856769
1990,Childhood.maltreatment,179.9597212,188.1925198
1991,Childhood.maltreatment,181.0832371,188.1925198
1992,Childhood.maltreatment,182.0462876,188.1925198
1993,Childhood.maltreatment,182.9162604,188.1925198
1994,Childhood.maltreatment,183.5714539,188.1925198
1995,Childhood.maltreatment,184.009637,188.1925198
1996,Childhood.maltreatment,184.3701485,188.1925198
1997,Childhood.maltreatment,184.9883621,188.1925198
1998,Childhood.maltreatment,185.834983,188.1925198
1999,Childhood.maltreatment,186.7768572,188.1925198
2000,Childhood.maltreatment,187.7700952,188.1925198
2001,Childhood.maltreatment,188.3961357,188.1925198
2002,Childhood.maltreatment,186.894226,188.1925198
2003,Childhood.maltreatment,184.6036631,188.1925198
2004,Childhood.maltreatment,182.4066159,188.1925198
2005,Childhood.maltreatment,181.6758024,188.1925198
2006,Childhood.maltreatment,182.6283566,188.1925198
2007,Childhood.maltreatment,184.3969137,188.1925198
2008,Childhood.maltreatment,186.579756,188.1925198
2009,Childhood.maltreatment,188.0988815,188.1925198
2010,Childhood.maltreatment,188.9522872,188.1925198
2011,Childhood.maltreatment,188.9995312,188.1925198
2012,Childhood.maltreatment,189.0464573,188.1925198
2013,Childhood.maltreatment,189.4133577,188.1925198
2014,Childhood.maltreatment,189.5804932,188.1925198
2015,Childhood.maltreatment,189.297396,188.1925198
2016,Childhood.maltreatment,188.9232092,188.1925198
2017,Childhood.maltreatment,188.1925198,188.1925198
1990,Dietary.risks,4337.389603,1857.528748
1991,Dietary.risks,4179.968684,1857.528748
1992,Dietary.risks,4041.722121,1857.528748
1993,Dietary.risks,3975.349104,1857.528748
1994,Dietary.risks,3753.806698,1857.528748
1995,Dietary.risks,3702.197661,1857.528748
1996,Dietary.risks,3549.764731,1857.528748
1997,Dietary.risks,3410.106365,1857.528748
1998,Dietary.risks,3312.762948,1857.528748
1999,Dietary.risks,3168.528857,1857.528748
2000,Dietary.risks,3007.301587,1857.528748
2001,Dietary.risks,2867.428735,1857.528748
2002,Dietary.risks,2779.044722,1857.528748
2003,Dietary.risks,2687.244425,1857.528748
2004,Dietary.risks,2490.671495,1857.528748
2005,Dietary.risks,2380.049985,1857.528748
2006,Dietary.risks,2274.730052,1857.528748
2007,Dietary.risks,2172.368883,1857.528748
2008,Dietary.risks,2118.923369,1857.528748
2009,Dietary.risks,1997.973217,1857.528748
2010,Dietary.risks,1950.278905,1857.528748
2011,Dietary.risks,1873.074327,1857.528748
2012,Dietary.risks,1840.316902,1857.528748
2013,Dietary.risks,1824.896467,1857.528748
2014,Dietary.risks,1802.661431,1857.528748
2015,Dietary.risks,1817.32373,1857.528748
2016,Dietary.risks,1834.603335,1857.528748
2017,Dietary.risks,1857.528748,1857.528748
1990,Drug.use,440.99474,669.0014032
1991,Drug.use,446.9236697,669.0014032
1992,Drug.use,454.6214347,669.0014032
1993,Drug.use,465.1993633,669.0014032
1994,Drug.use,471.5133076,669.0014032
1995,Drug.use,484.4325353,669.0014032
1996,Drug.use,496.2981342,669.0014032
1997,Drug.use,505.5356287,669.0014032
1998,Drug.use,516.6179435,669.0014032
1999,Drug.use,523.4024344,669.0014032
2000,Drug.use,526.6850796,669.0014032
2001,Drug.use,534.1182647,669.0014032
2002,Drug.use,538.2152642,669.0014032
2003,Drug.use,544.9258094,669.0014032
2004,Drug.use,547.419587,669.0014032
2005,Drug.use,554.079367,669.0014032
2006,Drug.use,565.3217353,669.0014032
2007,Drug.use,579.856874,669.0014032
2008,Drug.use,605.319379,669.0014032
2009,Drug.use,616.3119428,669.0014032
2010,Drug.use,629.4129253,669.0014032
2011,Drug.use,629.542929,669.0014032
2012,Drug.use,631.926526,669.0014032
2013,Drug.use,643.7549367,669.0014032
2014,Drug.use,657.8356207,669.0014032
2015,Drug.use,666.4873253,669.0014032
2016,Drug.use,672.9763034,669.0014032
2017,Drug.use,669.0014032,669.0014032
1990,High.body.mass.index,2782.961148,2305.85776
1991,High.body.mass.index,2752.360597,2305.85776
1992,High.body.mass.index,2729.025295,2305.85776
1993,High.body.mass.index,2737.438697,2305.85776
1994,High.body.mass.index,2668.852408,2305.85776
1995,High.body.mass.index,2683.287355,2305.85776
1996,High.body.mass.index,2648.904083,2305.85776
1997,High.body.mass.index,2627.497194,2305.85776
1998,High.body.mass.index,2628.484853,2305.85776
1999,High.body.mass.index,2604.141416,2305.85776
2000,High.body.mass.index,2561.683405,2305.85776
2001,High.body.mass.index,2526.429509,2305.85776
2002,High.body.mass.index,2518.295445,2305.85776
2003,High.body.mass.index,2508.168987,2305.85776
2004,High.body.mass.index,2434.427873,2305.85776
2005,High.body.mass.index,2404.994385,2305.85776
2006,High.body.mass.index,2370.50398,2305.85776
2007,High.body.mass.index,2334.357993,2305.85776
2008,High.body.mass.index,2326.795758,2305.85776
2009,High.body.mass.index,2272.576157,2305.85776
2010,High.body.mass.index,2264.182839,2305.85776
2011,High.body.mass.index,2233.503361,2305.85776
2012,High.body.mass.index,2227.144533,2305.85776
2013,High.body.mass.index,2231.617307,2305.85776
2014,High.body.mass.index,2233.388424,2305.85776
2015,High.body.mass.index,2257.095124,2305.85776
2016,High.body.mass.index,2285.97116,2305.85776
2017,High.body.mass.index,2305.85776,2305.85776
1990,High.fasting.plasma.glucose,2085.603321,1798.409664
1991,High.fasting.plasma.glucose,2049.157176,1798.409664
1992,High.fasting.plasma.glucose,2015.995929,1798.409664
1993,High.fasting.plasma.glucose,2005.327528,1798.409664
1994,High.fasting.plasma.glucose,1933.893181,1798.409664
1995,High.fasting.plasma.glucose,1928.590301,1798.409664
1996,High.fasting.plasma.glucose,1897.639838,1798.409664
1997,High.fasting.plasma.glucose,1887.73594,1798.409664
1998,High.fasting.plasma.glucose,1897.259899,1798.409664
1999,High.fasting.plasma.glucose,1884.627082,1798.409664
2000,High.fasting.plasma.glucose,1846.715277,1798.409664
2001,High.fasting.plasma.glucose,1805.168783,1798.409664
2002,High.fasting.plasma.glucose,1783.71564,1798.409664
2003,High.fasting.plasma.glucose,1757.539332,1798.409664
2004,High.fasting.plasma.glucose,1681.901944,1798.409664
2005,High.fasting.plasma.glucose,1644.488913,1798.409664
2006,High.fasting.plasma.glucose,1616.936586,1798.409664
2007,High.fasting.plasma.glucose,1599.159481,1798.409664
2008,High.fasting.plasma.glucose,1604.873362,1798.409664
2009,High.fasting.plasma.glucose,1576.056918,1798.409664
2010,High.fasting.plasma.glucose,1577.197262,1798.409664
2011,High.fasting.plasma.glucose,1565.339807,1798.409664
2012,High.fasting.plasma.glucose,1583.336605,1798.409664
2013,High.fasting.plasma.glucose,1612.187723,1798.409664
2014,High.fasting.plasma.glucose,1639.996502,1798.409664
2015,High.fasting.plasma.glucose,1691.596064,1798.409664
2016,High.fasting.plasma.glucose,1744.591763,1798.409664
2017,High.fasting.plasma.glucose,1798.409664,1798.409664
1990,High.LDL.cholesterol,2457.278903,693.7863155
1991,High.LDL.cholesterol,2355.190249,693.7863155
1992,High.LDL.cholesterol,2251.659658,693.7863155
1993,High.LDL.cholesterol,2195.81542,693.7863155
1994,High.LDL.cholesterol,2032.617771,693.7863155
1995,High.LDL.cholesterol,1969.833113,693.7863155
1996,High.LDL.cholesterol,1850.683225,693.7863155
1997,High.LDL.cholesterol,1740.082391,693.7863155
1998,High.LDL.cholesterol,1657.021617,693.7863155
1999,High.LDL.cholesterol,1556.993485,693.7863155
2000,High.LDL.cholesterol,1459.063328,693.7863155
2001,High.LDL.cholesterol,1372.852238,693.7863155
2002,High.LDL.cholesterol,1315.446417,693.7863155
2003,High.LDL.cholesterol,1256.558816,693.7863155
2004,High.LDL.cholesterol,1139.987432,693.7863155
2005,High.LDL.cholesterol,1070.726863,693.7863155
2006,High.LDL.cholesterol,999.6083295,693.7863155
2007,High.LDL.cholesterol,934.1366366,693.7863155
2008,High.LDL.cholesterol,894.3663362,693.7863155
2009,High.LDL.cholesterol,820.941017,693.7863155
2010,High.LDL.cholesterol,785.5453885,693.7863155
2011,High.LDL.cholesterol,739.0438192,693.7863155
2012,High.LDL.cholesterol,717.1366111,693.7863155
2013,High.LDL.cholesterol,702.7269503,693.7863155
2014,High.LDL.cholesterol,685.3216952,693.7863155
2015,High.LDL.cholesterol,686.8045779,693.7863155
2016,High.LDL.cholesterol,687.4999528,693.7863155
2017,High.LDL.cholesterol,693.7863155,693.7863155
1990,High.systolic.blood.pressure,4948.485327,1507.463524
1991,High.systolic.blood.pressure,4783.792557,1507.463524
1992,High.systolic.blood.pressure,4623.88105,1507.463524
1993,High.systolic.blood.pressure,4551.809823,1507.463524
1994,High.systolic.blood.pressure,4291.030275,1507.463524
1995,High.systolic.blood.pressure,4211.380336,1507.463524
1996,High.systolic.blood.pressure,4011.7023,1507.463524
1997,High.systolic.blood.pressure,3807.998135,1507.463524
1998,High.systolic.blood.pressure,3646.508799,1507.463524
1999,High.systolic.blood.pressure,3438.011222,1507.463524
2000,High.systolic.blood.pressure,3219.93923,1507.463524
2001,High.systolic.blood.pressure,3027.726949,1507.463524
2002,High.systolic.blood.pressure,2882.108562,1507.463524
2003,High.systolic.blood.pressure,2724.79531,1507.463524
2004,High.systolic.blood.pressure,2460.395964,1507.463524
2005,High.systolic.blood.pressure,2286.010498,1507.463524
2006,High.systolic.blood.pressure,2126.914376,1507.463524
2007,High.systolic.blood.pressure,1983.357412,1507.463524
2008,High.systolic.blood.pressure,1887.504102,1507.463524
2009,High.systolic.blood.pressure,1737.985164,1507.463524
2010,High.systolic.blood.pressure,1659.508959,1507.463524
2011,High.systolic.blood.pressure,1566.909862,1507.463524
2012,High.systolic.blood.pressure,1521.557185,1507.463524
2013,High.systolic.blood.pressure,1495.280222,1507.463524
2014,High.systolic.blood.pressure,1471.980871,1507.463524
2015,High.systolic.blood.pressure,1481.507202,1507.463524
2016,High.systolic.blood.pressure,1491.63641,1507.463524
2017,High.systolic.blood.pressure,1507.463524,1507.463524
1990,Impaired.kidney.function,800.1293233,401.8181648
1991,Impaired.kidney.function,770.5832293,401.8181648
1992,Impaired.kidney.function,742.8744457,401.8181648
1993,Impaired.kidney.function,733.2380735,401.8181648
1994,Impaired.kidney.function,695.6002909,401.8181648
1995,Impaired.kidney.function,686.3688117,401.8181648
1996,Impaired.kidney.function,661.5932429,401.8181648
1997,Impaired.kidney.function,635.4690217,401.8181648
1998,Impaired.kidney.function,616.1288066,401.8181648
1999,Impaired.kidney.function,590.0027802,401.8181648
2000,Impaired.kidney.function,562.7522414,401.8181648
2001,Impaired.kidney.function,539.8473813,401.8181648
2002,Impaired.kidney.function,523.3757436,401.8181648
2003,Impaired.kidney.function,507.1238122,401.8181648
2004,Impaired.kidney.function,474.2753953,401.8181648
2005,Impaired.kidney.function,457.9048286,401.8181648
2006,Impaired.kidney.function,444.0916284,401.8181648
2007,Impaired.kidney.function,432.5131629,401.8181648
2008,Impaired.kidney.function,427.1304782,401.8181648
2009,Impaired.kidney.function,410.1600929,401.8181648
2010,Impaired.kidney.function,404.2477087,401.8181648
2011,Impaired.kidney.function,394.4772384,401.8181648
2012,Impaired.kidney.function,392.3436208,401.8181648
2013,Impaired.kidney.function,392.9351347,401.8181648
2014,Impaired.kidney.function,392.6550758,401.8181648
2015,Impaired.kidney.function,397.9193554,401.8181648
2016,Impaired.kidney.function,400.8785121,401.8181648
2017,Impaired.kidney.function,401.8181648,401.8181648
1990,Intimate.partner.violence,179.1749738,156.0935173
1991,Intimate.partner.violence,179.4649545,156.0935173
1992,Intimate.partner.violence,179.3300113,156.0935173
1993,Intimate.partner.violence,180.5408439,156.0935173
1994,Intimate.partner.violence,178.9941394,156.0935173
1995,Intimate.partner.violence,176.6848972,156.0935173
1996,Intimate.partner.violence,173.1854751,156.0935173
1997,Intimate.partner.violence,169.7671021,156.0935173
1998,Intimate.partner.violence,166.4760219,156.0935173
1999,Intimate.partner.violence,164.6670173,156.0935173
2000,Intimate.partner.violence,164.2682715,156.0935173
2001,Intimate.partner.violence,163.8519837,156.0935173
2002,Intimate.partner.violence,161.7353656,156.0935173
2003,Intimate.partner.violence,160.2482548,156.0935173
2004,Intimate.partner.violence,157.3447115,156.0935173
2005,Intimate.partner.violence,155.9464694,156.0935173
2006,Intimate.partner.violence,155.5555894,156.0935173
2007,Intimate.partner.violence,156.0417387,156.0935173
2008,Intimate.partner.violence,156.6668645,156.0935173
2009,Intimate.partner.violence,157.0823669,156.0935173
2010,Intimate.partner.violence,156.9337712,156.0935173
2011,Intimate.partner.violence,156.0054702,156.0935173
2012,Intimate.partner.violence,155.5153172,156.0935173
2013,Intimate.partner.violence,155.3517454,156.0935173
2014,Intimate.partner.violence,155.5015608,156.0935173
2015,Intimate.partner.violence,156.154787,156.0935173
2016,Intimate.partner.violence,155.8006718,156.0935173
2017,Intimate.partner.violence,156.0935173,156.0935173
1990,Low.bone.mineral.density,208.4973398,234.0652506
1991,Low.bone.mineral.density,207.0310245,234.0652506
1992,Low.bone.mineral.density,205.7224697,234.0652506
1993,Low.bone.mineral.density,205.5784335,234.0652506
1994,Low.bone.mineral.density,203.9483095,234.0652506
1995,Low.bone.mineral.density,204.7130557,234.0652506
1996,Low.bone.mineral.density,204.8771549,234.0652506
1997,Low.bone.mineral.density,205.7194045,234.0652506
1998,Low.bone.mineral.density,206.5562348,234.0652506
1999,Low.bone.mineral.density,208.3213122,234.0652506
2000,Low.bone.mineral.density,210.027752,234.0652506
2001,Low.bone.mineral.density,212.717772,234.0652506
2002,Low.bone.mineral.density,216.0820146,234.0652506
2003,Low.bone.mineral.density,219.8549747,234.0652506
2004,Low.bone.mineral.density,220.8564927,234.0652506
2005,Low.bone.mineral.density,222.4808321,234.0652506
2006,Low.bone.mineral.density,223.7092003,234.0652506
2007,Low.bone.mineral.density,224.4258136,234.0652506
2008,Low.bone.mineral.density,226.2514345,234.0652506
2009,Low.bone.mineral.density,225.5545343,234.0652506
2010,Low.bone.mineral.density,226.384445,234.0652506
2011,Low.bone.mineral.density,226.2527169,234.0652506
2012,Low.bone.mineral.density,227.2143202,234.0652506
2013,Low.bone.mineral.density,228.8449135,234.0652506
2014,Low.bone.mineral.density,230.3507194,234.0652506
2015,Low.bone.mineral.density,232.5548134,234.0652506
2016,Low.bone.mineral.density,234.0029676,234.0652506
2017,Low.bone.mineral.density,234.0652506,234.0652506
1990,Low.physical.activity,682.4462855,260.866399
1991,Low.physical.activity,658.4720571,260.866399
1992,Low.physical.activity,637.057443,260.866399
1993,Low.physical.activity,626.4952485,260.866399
1994,Low.physical.activity,589.6571771,260.866399
1995,Low.physical.activity,579.8393362,260.866399
1996,Low.physical.activity,554.0459167,260.866399
1997,Low.physical.activity,529.801371,260.866399
1998,Low.physical.activity,511.7504061,260.866399
1999,Low.physical.activity,487.3411689,260.866399
2000,Low.physical.activity,460.8210021,260.866399
2001,Low.physical.activity,438.6084037,260.866399
2002,Low.physical.activity,424.7193368,260.866399
2003,Low.physical.activity,409.8150522,260.866399
2004,Low.physical.activity,377.0631973,260.866399
2005,Low.physical.activity,357.4453999,260.866399
2006,Low.physical.activity,338.9246106,260.866399
2007,Low.physical.activity,321.7385731,260.866399
2008,Low.physical.activity,311.9153017,260.866399
2009,Low.physical.activity,290.9508526,260.866399
2010,Low.physical.activity,281.4242354,260.866399
2011,Low.physical.activity,267.8748084,260.866399
2012,Low.physical.activity,262.2188879,260.866399
2013,Low.physical.activity,258.8079305,260.866399
2014,Low.physical.activity,254.0320615,260.866399
2015,Low.physical.activity,255.7318065,260.866399
2016,Low.physical.activity,257.3223485,260.866399
2017,Low.physical.activity,260.866399,260.866399
1990,Occupational.risks,771.1482259,915.376066
1991,Occupational.risks,766.0065416,915.376066
1992,Occupational.risks,762.4949107,915.376066
1993,Occupational.risks,764.1170364,915.376066
1994,Occupational.risks,756.5629666,915.376066
1995,Occupational.risks,759.9266147,915.376066
1996,Occupational.risks,765.5717519,915.376066
1997,Occupational.risks,774.1402134,915.376066
1998,Occupational.risks,786.8986499,915.376066
1999,Occupational.risks,799.3769418,915.376066
2000,Occupational.risks,811.6340893,915.376066
2001,Occupational.risks,826.2543158,915.376066
2002,Occupational.risks,850.6413503,915.376066
2003,Occupational.risks,876.749115,915.376066
2004,Occupational.risks,888.4478826,915.376066
2005,Occupational.risks,901.0618859,915.376066
2006,Occupational.risks,905.7645315,915.376066
2007,Occupational.risks,905.6733504,915.376066
2008,Occupational.risks,909.0577962,915.376066
2009,Occupational.risks,899.9985441,915.376066
2010,Occupational.risks,903.030284,915.376066
2011,Occupational.risks,899.8417419,915.376066
2012,Occupational.risks,902.0301796,915.376066
2013,Occupational.risks,904.628291,915.376066
2014,Occupational.risks,904.320559,915.376066
2015,Occupational.risks,908.3102261,915.376066
2016,Occupational.risks,913.6635926,915.376066
2017,Occupational.risks,915.376066,915.376066
1990,Other.environmental.risks,176.6521592,85.56732911
1991,Other.environmental.risks,172.9540008,85.56732911
1992,Other.environmental.risks,169.449193,85.56732911
1993,Other.environmental.risks,168.0781165,85.56732911
1994,Other.environmental.risks,161.68126,85.56732911
1995,Other.environmental.risks,160.0693914,85.56732911
1996,Other.environmental.risks,155.5253795,85.56732911
1997,Other.environmental.risks,151.0133603,85.56732911
1998,Other.environmental.risks,147.9966538,85.56732911
1999,Other.environmental.risks,143.246054,85.56732911
2000,Other.environmental.risks,137.8333289,85.56732911
2001,Other.environmental.risks,133.4433493,85.56732911
2002,Other.environmental.risks,130.0292285,85.56732911
2003,Other.environmental.risks,126.5283681,85.56732911
2004,Other.environmental.risks,119.7259954,85.56732911
2005,Other.environmental.risks,115.6522672,85.56732911
2006,Other.environmental.risks,112.0866404,85.56732911
2007,Other.environmental.risks,108.2173134,85.56732911
2008,Other.environmental.risks,105.8242464,85.56732911
2009,Other.environmental.risks,100.8393408,85.56732911
2010,Other.environmental.risks,98.38174049,85.56732911
2011,Other.environmental.risks,94.65353187,85.56732911
2012,Other.environmental.risks,92.31427822,85.56732911
2013,Other.environmental.risks,90.34121978,85.56732911
2014,Other.environmental.risks,88.1193744,85.56732911
2015,Other.environmental.risks,87.24066853,85.56732911
2016,Other.environmental.risks,86.62424636,85.56732911
2017,Other.environmental.risks,85.56732911,85.56732911
1990,Tobacco,6202.254666,2795.968056
1991,Tobacco,5969.906927,2795.968056
1992,Tobacco,5767.132953,2795.968056
1993,Tobacco,5646.65906,2795.968056
1994,Tobacco,5380.68414,2795.968056
1995,Tobacco,5284.543252,2795.968056
1996,Tobacco,5088.707956,2795.968056
1997,Tobacco,4901.91038,2795.968056
1998,Tobacco,4751.944001,2795.968056
1999,Tobacco,4579.781419,2795.968056
2000,Tobacco,4407.324223,2795.968056
2001,Tobacco,4266.395698,2795.968056
2002,Tobacco,4169.019194,2795.968056
2003,Tobacco,4075.584931,2795.968056
2004,Tobacco,3881.982884,2795.968056
2005,Tobacco,3776.52118,2795.968056
2006,Tobacco,3668.605267,2795.968056
2007,Tobacco,3547.831731,2795.968056
2008,Tobacco,3469.654634,2795.968056
2009,Tobacco,3317.594281,2795.968056
2010,Tobacco,3247.530943,2795.968056
2011,Tobacco,3143.280748,2795.968056
2012,Tobacco,3067.177226,2795.968056
2013,Tobacco,3002.516771,2795.968056
2014,Tobacco,2924.09957,2795.968056
2015,Tobacco,2881.801048,2795.968056
2016,Tobacco,2848.500154,2795.968056
2017,Tobacco,2795.968056,2795.968056
1990,Unsafe.sex,387.6591052,202.0093851
1991,Unsafe.sex,369.7821249,202.0093851
1992,Unsafe.sex,353.7183731,202.0093851
1993,Unsafe.sex,344.0885373,202.0093851
1994,Unsafe.sex,323.6710006,202.0093851
1995,Unsafe.sex,320.1268008,202.0093851
1996,Unsafe.sex,304.2312617,202.0093851
1997,Unsafe.sex,288.9724762,202.0093851
1998,Unsafe.sex,272.8945129,202.0093851
1999,Unsafe.sex,261.2027941,202.0093851
2000,Unsafe.sex,253.6266327,202.0093851
2001,Unsafe.sex,253.1195554,202.0093851
2002,Unsafe.sex,246.8860184,202.0093851
2003,Unsafe.sex,249.582686,202.0093851
2004,Unsafe.sex,237.90868,202.0093851
2005,Unsafe.sex,232.174319,202.0093851
2006,Unsafe.sex,228.3960644,202.0093851
2007,Unsafe.sex,226.2266908,202.0093851
2008,Unsafe.sex,227.5417205,202.0093851
2009,Unsafe.sex,219.3651054,202.0093851
2010,Unsafe.sex,217.5790638,202.0093851
2011,Unsafe.sex,207.7381012,202.0093851
2012,Unsafe.sex,202.0643608,202.0093851
2013,Unsafe.sex,200.7823968,202.0093851
2014,Unsafe.sex,197.0464768,202.0093851
2015,Unsafe.sex,200.3684979,202.0093851
2016,Unsafe.sex,200.3315461,202.0093851
2017,Unsafe.sex,202.0093851,202.0093851
1990,Unsafe.water..sanitation..and.handwashing,8.645679908,6.379863173
1991,Unsafe.water..sanitation..and.handwashing,8.357274601,6.379863173
1992,Unsafe.water..sanitation..and.handwashing,7.979203128,6.379863173
1993,Unsafe.water..sanitation..and.handwashing,7.93661228,6.379863173
1994,Unsafe.water..sanitation..and.handwashing,7.691975814,6.379863173
1995,Unsafe.water..sanitation..and.handwashing,7.662405639,6.379863173
1996,Unsafe.water..sanitation..and.handwashing,7.585837757,6.379863173
1997,Unsafe.water..sanitation..and.handwashing,7.475109305,6.379863173
1998,Unsafe.water..sanitation..and.handwashing,7.320323604,6.379863173
1999,Unsafe.water..sanitation..and.handwashing,7.163919126,6.379863173
2000,Unsafe.water..sanitation..and.handwashing,6.898518814,6.379863173
2001,Unsafe.water..sanitation..and.handwashing,6.578767275,6.379863173
2002,Unsafe.water..sanitation..and.handwashing,6.569091328,6.379863173
2003,Unsafe.water..sanitation..and.handwashing,6.702039632,6.379863173
2004,Unsafe.water..sanitation..and.handwashing,6.629854807,6.379863173
2005,Unsafe.water..sanitation..and.handwashing,6.723062845,6.379863173
2006,Unsafe.water..sanitation..and.handwashing,6.861849544,6.379863173
2007,Unsafe.water..sanitation..and.handwashing,6.938625874,6.379863173
2008,Unsafe.water..sanitation..and.handwashing,6.950381656,6.379863173
2009,Unsafe.water..sanitation..and.handwashing,6.841900898,6.379863173
2010,Unsafe.water..sanitation..and.handwashing,6.71550887,6.379863173
2011,Unsafe.water..sanitation..and.handwashing,6.530727437,6.379863173
2012,Unsafe.water..sanitation..and.handwashing,6.37512693,6.379863173
2013,Unsafe.water..sanitation..and.handwashing,6.31186689,6.379863173
2014,Unsafe.water..sanitation..and.handwashing,6.294972293,6.379863173
2015,Unsafe.water..sanitation..and.handwashing,6.337872158,6.379863173
2016,Unsafe.water..sanitation..and.handwashing,6.372244739,6.379863173
2017,Unsafe.water..sanitation..and.handwashing,6.379863173,6.379863173
1990,Grand.Total,29341.70281,16326.29574
1991,Grand.Total,28506.04338,16326.29574
1992,Grand.Total,27730.75501,16326.29574
1993,Grand.Total,27410.63185,16326.29574
1994,Grand.Total,26228.67884,16326.29574
1995,Grand.Total,25963.29625,16326.29574
1996,Grand.Total,25181.15622,16326.29574
1997,Grand.Total,24423.6108,16326.29574
1998,Grand.Total,23888.98493,16326.29574
1999,Grand.Total,23179.87755,16326.29574
2000,Grand.Total,22376.74095,16326.29574
2001,Grand.Total,21707.05429,16326.29574
2002,Grand.Total,21284.12036,16326.29574
2003,Grand.Total,20879.55109,16326.29574
2004,Grand.Total,19827.9329,16326.29574
2005,Grand.Total,19259.80526,16326.29574
2006,Grand.Total,18724.04721,16326.29574
2007,Grand.Total,18185.25602,16326.29574
2008,Grand.Total,17920.39116,16326.29574
2009,Grand.Total,17247.598,16326.29574
2010,Grand.Total,16979.30168,16326.29574
2011,Grand.Total,16548.37859,16326.29574
2012,Grand.Total,16305.33935,16326.29574
2013,Grand.Total,16209.75113,16326.29574
2014,Grand.Total,16070.48634,16326.29574
2015,Grand.Total,16160.10623,16326.29574
2016,Grand.Total,16255.94105,16326.29574
2017,Grand.Total,16326.29574,16326.29574